"Rank","name","value"
1,tenzen-y,2847
2,chensun,1704
3,connor-mccarthy,1679
4,gkcalat,1018
5,andreyvelich,936
6,linchin,932
7,zijianjoy,841
8,juliusvonkohout,820
9,johnugeorge,710
10,kimwnasptd,696
11,tomcli,662
12,thesuperzapper,591
13,jlyaoyuli,579
14,alculquicondor,518
15,yhwang,396
16,annajung,299
17,terrytangyuan,268
18,dnplas,243
19,jbottum,241
20,syulin7,214
21,droctothorpe,180
22,james-jwu,173
23,surajkota,162
24,orfeas-k,131
25,difince,129
26,kuizhiqing,120
27,lowang-bh,100
28,apo-ger,98
29,axel7083,97
30,cheyang,95
31,tobiasgoerke,95
32,mimowo,92
33,ryansteakley,86
34,deepanker13,85
35,nagar-ajay,84
36,tasos-ale,83
37,domfleischmann,80
38,akgraner,78
39,ananth102,78
40,jocstaa,74
41,arhell,69
42,elenzio9,69
43,rd-pong,61
44,sen-sam,56
45,ironpan,53
46,gaocegege,45
47,xhejtman,45
48,alexandrebrown,44
49,davidnet,41
50,ssheng,41
51,deepk2u,40
52,sheevy,40
53,votti,40
54,hegaoyuan,39
55,diegolovison,38
56,vikas-saxena02,37
57,chongyouquan,36
58,d-gol,34
59,rpemsel,34
60,anencore94,32
61,alanfokco,30
62,jsitu777,28
63,matthewralston,28
64,hongbo-miao,27
65,mchowdhury-91,27
66,scrapcodes,27
67,amitmukati-2604,26
68,tarat44,26
69,kromanow94,25
70,syntax3rror404,25
71,elikatsis,24
72,zw0610,24
73,davidspek,23
74,b4sus,22
75,lehrig,22
76,omrishiv,22
77,subasathees,22
78,kbthu,21
79,yurkoff-mv,21
80,boarder7395,20
81,js-ts,20
82,junggil,20
83,rimolive,20
84,tzstoyanov,20
85,adilhusain-s,19
86,ketangangal,19
87,reggiecarey,19
88,vsoch,19
89,dharmitd,18
90,yowenter,18
91,amrobbins,17
92,aymenfja,17
93,shipengcheng1230,17
94,yingding,17
95,zhixian82,17
96,agilgur5,16
97,chalin,15
98,kimkihoon0515,15
99,midhun1998,15
100,rawc0der,15
101,sergeyshevch,15
102,wadhah101,15
103,juneezee,14
104,rstar1998,14
105,tomaszstachera,14
106,zzmao,14
107,a9p,13
108,afritzler,13
109,nightlighttw,13
110,stefanofioravanzo,13
111,tristangreathouse,13
112,yadavvij,13
113,humairak,12
114,jakesummers,12
115,khituras,12
116,ahg-g,11
117,eero-t,11
118,thomaswelly,11
119,tkatila,11
120,denkensk,10
121,fischor,10
122,gmfrasca,10
123,imiller445,10
124,lianghao208,10
125,pranavpandit1,10
126,robertzsun-dev,10
127,rolfedh,10
128,theadactyl,10
129,tsuiot,10
130,umka1332,10
131,wjhhuizi,10
132,yubozhao,10
133,yuzisun,10
134,andreeamun,9
135,chaselyall,9
136,crazybean-lwb,9
137,eavelardev,9
138,kevin85421,9
139,magdalenakuhn17,9
140,mosabami,9
141,sarrourajerbi,9
142,sergespinoza,9
143,talador12,9
144,tingshua-yts,9
145,waltersmuts,9
146,wlargou,9
147,3-shi,8
148,482170765,8
149,aditya-171,8
150,adityaparamesh,8
151,alekseyolg,8
152,anifort,8
153,discordianfish,8
154,harperjuanl,8
155,hhk7734,8
156,hugzee3,8
157,juansebashr,8
158,kannon92,8
159,kkolli,8
160,koalalorenzo,8
161,liaosirui,8
162,mameshini,8
163,n214,8
164,pedrovgp,8
165,pingyufeng,8
166,ransselected,8
167,robpblake,8
168,shalberd,8
169,stijntratsaertit,8
170,tiansiyuan,8
171,xiabo2011,8
172,xragnorokx,8
173,abaland,7
174,andre-lx,7
175,cchanley2003,7
176,czycw,7
177,gpotti,7
178,gregsheremeta,7
179,jaemunbro,7
180,jason-cky,7
181,kevingrantlee,7
182,mai-nakagawa,7
183,manang,7
184,ntang86,7
185,omrilevytau,7
186,paravatha,7
187,pbalm,7
188,rodrigocaus,7
189,rvadim,7
190,sim4n6,7
191,tclelford,7
192,typeness,7
193,zengqingfu1442,7
194,andyi2it,6
195,ark-kun,6
196,browningjp-datatonic,6
197,capkurmagati,6
198,clayrisser,6
199,cosyoranges,6
200,cybernagle,6
201,fstetic,6
202,gfxkai,6
203,happy2048,6
204,iuiu34,6
205,jeet-14,6
206,kidddddddddddddddddddddd,6
207,korjwl1,6
208,mayankagarwal19911,6
209,mayuraggarwal1992,6
210,mgsousa,6
211,micmarty-deepsense,6
212,mishraprafful,6
213,missingcharacter,6
214,muhammadyaseen,6
215,mvoitko,6
216,mwielgus,6
217,papagala,6
218,princy-malhotra,6
219,sachdevayash1910,6
220,srikarjavvaji,6
221,suned,6
222,tarrade,6
223,trevorm15,6
224,vinayan3,6
225,yanqiangmiffy,6
226,zeldebro,6
227,akfmdl,5
228,andreafehrman,5
229,arangogutierrez,5
230,benash,5
231,brannondorsey,5
232,brsolomon-deloitte,5
233,ca-scribner,5
234,chirag0002,5
235,congpeiqing,5
236,dashanji,5
237,edwardzjl,5
238,gomrinal,5
239,hmc-cs-mdrissi,5
240,japan4415,5
241,jiangsanyin,5
242,justin0322,5
243,km612,5
244,lavlas,5
245,lokesh-sreedhara,5
246,lresende,5
247,martinforreal,5
248,maxencedraguet,5
249,maxgrtz,5
250,mithil467,5
251,mohamedfaris47,5
252,mshaikh786,5
253,mustafahar,5
254,nairbv,5
255,nkflash,5
256,nkosteski,5
257,ohtaro,5
258,parthmishra,5
259,prajesh7,5
260,pythonking6,5
261,rajan123456,5
262,rakeshraj97,5
263,rscottwatson,5
264,sachinvarghese,5
265,seanswyi,5
266,sebastianohl,5
267,skuchipu,5
268,sxwl-donggang,5
269,tongtaott,5
270,utsumi-fj,5
271,vkatrychenko,5
272,v-raja,5
273,wooleybugger,5
274,yetone,5
275,453875726,4
276,abin-thomas-by,4
277,adobemomo,4
278,ajaypbrt,4
279,aldazero,4
280,aman123lug,4
281,anisnasir,4
282,asahnovskiy-deloitte,4
283,awittzb,4
284,bartlomiej-malecki,4
285,bbrewington,4
286,ckmeichs,4
287,d0m3n1cc,4
288,davidleejy,4
289,elim19,4
290,fighterhit,4
291,gioargyr,4
292,helloericsf,4
293,hilcj,4
294,huang-wei,4
295,ianonavy,4
296,ifuwang,4
297,jlewi,4
298,johnhoman,4
299,jovan-absci,4
300,joysn71,4
301,juanmabm,4
302,komalkotha,4
303,laynepeng,4
304,lorenzocolombi,4
305,mayank12022,4
306,millerhooks,4
307,moey920,4
308,moorthy156,4
309,o0fatigue,4
310,opalelement,4
311,pffijt,4
312,philop1309,4
313,pmuilu,4
314,pratyusharavi,4
315,revolutionisme,4
316,saintnoah,4
317,sebastianscherer88,4
318,souheil-yazji,4
319,srinandan,4
320,starpit,4
321,statmike,4
322,talhanaeem101,4
323,vgarba2,4
324,vincentdu2021,4
325,wang-mask,4
326,zrss,4
327,631068264,3
328,aavbsouza,3
329,ahmedgrati,3
330,aiden010200,3
331,ajinkya933,3
332,ajithkumar6,3
333,albertcintas,3
334,aleem2,3
335,alexdashkov,3
336,alirezasadeghi,3
337,aseriesofnumbers,3
338,athamark,3
339,ayushsinha5588,3
340,beliaev-maksim,3
341,caren-guo,3
342,charlesa101,3
343,chromatices,3
344,cjidboon94,3
345,cliveseldon,3
346,cnsgsz,3
347,colmbhandal,3
348,crisescode,3
349,cristianteknoir,3
350,danielschulz,3
351,defoishugo,3
352,deukwoongwoo,3
353,divyank000,3
354,djmcgreal-cc,3
355,don12138,3
356,dravigon,3
357,elibixby,3
358,erhwenkuo,3
359,erictanjn,3
360,farshadghodsian,3
361,fbpo23,3
362,fclesio,3
363,fg91,3
364,gautamkongi,3
365,geier,3
366,ggaaooppeenngg,3
367,ghaering,3
368,gxin0426,3
369,h124726398,3
370,h6mx,3
371,hbelmiro,3
372,hsteude,3
373,hunhoon21,3
374,hwang9u,3
375,jasiecky,3
376,jerry40214,3
377,juangon,3
378,kabartay,3
379,kakaxilyp,3
380,karanveersingh5623,3
381,lliranbabi,3
382,luci1306,3
383,lufisaal,3
384,luigicerone,3
385,maganaluis,3
386,mainro,3
387,marcmillien,3
388,masoudjalayer90,3
389,mcrisafu,3
390,mgiessing,3
391,mhamdan91,3
392,mpaulgreen,3
393,mysterious-progression,3
394,nelson2000,3
395,neokish,3
396,nikenano,3
397,nithin8702,3
398,nohaihab,3
399,ntl-ibm,3
400,nutmilk10,3
401,oldthreefeng,3
402,pheianox,3
403,pnacht,3
404,punkerpunker,3
405,q443048756,3
406,ralfluebben,3
407,ran-haim,3
408,rickyxie0929,3
409,robin7831,3
410,rogeryuchao,3
411,rrrkharse,3
412,rustamgimadiev,3
413,salilmishra23,3
414,samzong,3
415,shan100github,3
416,sharathmk99,3
417,shivaga9esh,3
418,shivaylamba,3
419,silva22322,3
420,strangiato,3
421,sujittibe123,3
422,talcoh2x,3
423,tbaggu,3
424,tleewongjaro-agoda,3
425,vamshikrishna9999,3
426,vasuji,3
427,vinayk34,3
428,vitobotta,3
429,wajeehulhassanvii,3
430,wangaooa,3
431,wangpf09,3
432,wenhan-tan,3
433,williaiam,3
434,xiaoaier-z-l,3
435,yeahdongcn,3
436,zanelliriccardo,3
437,aaron-arellano,2
438,ahmed1alqulayti,2
439,akravacyber,2
440,aku134,2
441,al4din,2
442,alexlatchford,2
443,alvarodemig,2
444,amadhusu,2
445,amirhessam88,2
446,amishakumari544,2
447,amybachir,2
448,and-1,2
449,anyingl,2
450,arlofaria,2
451,arun-vc,2
452,atheo89,2
453,av98-alphonse,2
454,ayush9026,2
455,bdevcich-hpe,2
456,bibekyess,2
457,bjameshunter,2
458,bmopuri,2
459,bobo-zzb,2
460,bretttully,2
461,browningjp,2
462,byronhsu,2
463,candoom,2
464,caroline-paul99,2
465,chanansh,2
466,chriswu99aaa,2
467,c-jaewon,2
468,corea,2
469,cristifalcas,2
470,dandawg,2
471,danielvegamyhre,2
472,danmcinerney,2
473,dariustanzku,2
474,davidggz,2
475,davidxia,2
476,davit-j,2
477,displague,2
478,doctapp,2
479,dogukanutuna,2
480,dominickcjh,2
481,dorotheakal,2
482,double12gzh,2
483,dtzar,2
484,edmorrell,2
485,em-le-ts,2
486,emmanuel-ferdman,2
487,enochlove,2
488,eric79,2
489,ericbentoml,2
490,eslerm,2
491,gniewus,2
492,grapefruitl,2
493,hamelsmu,2
494,hank6086,2
495,haoxins,2
496,harish422,2
497,harshavardhana,2
498,hjerpe,2
499,infa-ddeore,2
500,isuyyy,2
501,itayvallach,2
502,jagane-infinstor,2
503,jason9319,2
504,jayaprasadt,2
505,jazzsir,2
506,jinisaweaklearner,2
507,jli,2
508,joal-zb,2
509,jonjohnsonjr,2
510,juandavi1,2
511,juanpablosebey,2
512,juhyeon-cha,2
513,julioo,2
514,karmicdude,2
515,kaulitzguimaraes,2
516,kdubovikov,2
517,keithmattix,2
518,ketian-indeed,2
519,keypointt,2
520,koseoyoung,2
521,kuldeepjain,2
522,kylebeni,2
523,lance410247,2
524,larry-lu-lu,2
525,laurenzreitsam,2
526,lejboelle,2
527,lekhrajsinghrajput,2
528,lfrancke,2
529,liu431,2
530,lixianfa,2
531,lordwaif,2
532,magdalenakuhn,2
533,markbeierl,2
534,marlonmboti,2
535,mikeedjones,2
536,miraichino,2
537,misohu,2
538,mj-amway,2
539,mlawrence95,2
540,mojokb,2
541,mousam-singh,2
542,msteiner-google,2
543,muhammadusman90,2
544,muhammadzeeshan34,2
545,mynewestgitaccount,2
546,naegionn,2
547,nexemjail,2
548,nick0323,2
549,nturner-maritz,2
550,obeyda,2
551,oguzhanoyan,2
552,owmasch,2
553,pashtet04,2
554,patelmm79,2
555,peterchg,2
556,pgpx,2
557,pingsutw,2
558,pragadeeshraju,2
559,pringled,2
560,psc-dlt,2
561,ramanasai,2
562,rareddy,2
563,rmoesbergen,2
564,robbellmf,2
565,robbesneyders,2
566,robert-ulbrich-mercedes-benz,2
567,rohannair11,2
568,roymprog,2
569,ryanjung-jm,2
570,saintyun,2
571,samirps,2
572,samoturk,2
573,sbdtu5498,2
574,schrodervictor,2
575,senarvi,2
576,sergiodiaz53-dedalus,2
577,shengy90,2
578,simdynamic,2
579,snirkop89,2
580,snps-sagarrao,2
581,sobolvitya,2
582,sofsms,2
583,sradc,2
584,streamnsight,2
585,sundragon1993,2
586,szymek116,2
587,szymonbcoding,2
588,tama-biro,2
589,tanken,2
590,tautrimas,2
591,telpirion,2
592,themichaelhu,2
593,tonykim-moloco,2
594,tonywang-sh,2
595,tonyzzhang,2
596,trasc,2
597,trinhhoanganh,2
598,trsteel,2
599,tuukkasarvi,2
600,tvtv511,2
601,vamshikrishna9505,2
602,vara-bonthu,2
603,venkyvajrala,2
604,vikashg,2
605,viktorwelbers,2
606,vinaynair,2
607,vinithkrishnan,2
608,vit-,2
609,vivekjainmaiet,2
610,vulong3896,2
611,wangsy503,2
612,wangzheyuan,2
613,wojtekolesinski,2
614,wshelley,2
615,wzamazon,2
616,xiaoxubeii,2
617,yanniszark,2
618,yanwu2014,2
619,yonggunpeak,2
620,yu-wang-datatonic,2
621,zzunny97,2
622,360digitmg-training,1
623,64j0,1
624,aaronust,1
625,abdulari,1
626,abeltre1,1
627,abhijithremesh,1
628,abinthomasonline,1
629,abln-synth,1
630,acodingfreak,1
631,adriangonz,1
632,afk42,1
633,aii-shanker-jj,1
634,akinwilson,1
635,akshatdalton,1
636,alansyf,1
637,alembiewski,1
638,alexec,1
639,alikhurram42000,1
640,ali-raza-tariq,1
641,ameya-parab,1
642,andrejlukic,1
643,andrewisplinghoff,1
644,andymartin7,1
645,andyz168,1
646,anirban-ray-publicis-sapient,1
647,annabechang,1
648,annovi,1
649,anuvedantham,1
650,apoorvasuresh-audi,1
651,arpitsharma-hexad,1
652,arturnn,1
653,ashujain2,1
654,asiricml,1
655,askaupup,1
656,asongent,1
657,atemate,1
658,augustogb,1
659,avdaredevil,1
660,avintonofficial,1
661,axdorphcoder,1
662,axxxlllll,1
663,azdinkab,1
664,ben-omji,1
665,b-feldmann,1
666,bogdancsn,1
667,bohdanbilonoh,1
668,bottumjosh,1
669,briandrutledge,1
670,briney,1
671,bsikander,1
672,buaydin,1
673,caffeinism,1
674,cakeislife100,1
675,ccdefreitas,1
676,ccurro,1
677,celiawa,1
678,chandukotagiri1992,1
679,chanyilin,1
680,charlesmelby,1
681,charlieyang1557,1
682,chboudry,1
683,cherish06,1
684,chessahoekstra,1
685,chiefkarlin,1
686,chitravsnair,1
687,chrisjune,1
688,ciro-taranto,1
689,ckchow,1
690,cliu-nuro,1
691,clownchrys,1
692,c-nit,1
693,codesmilebot,1
694,crobby,1
695,cvenets,1
696,cyetey,1
697,cymarechal-devoteam,1
698,czchen,1
699,danvaida,1
700,dark1141,1
701,datasciencedani,1
702,david-thrower,1
703,deenammd,1
704,deepanker-gupta,1
705,deepflame-jr,1
706,dennisrutjes,1
707,dhananjay09,1
708,dhirajsb,1
709,diankasileymane,1
710,divjyotsinghanzx,1
711,djmcgreal,1
712,dlkaai,1
713,dlorenc,1
714,dmitrycape,1
715,dmytro212,1
716,dojoeisuke,1
717,dongzaimatou,1
718,dreamingraven,1
719,dslove,1
720,dt21e8,1
721,dtuname,1
722,e-compagno,1
723,ee07dazn,1
724,eggiter,1
725,ehborisov,1
726,elanv,1
727,eliaslevy,1
728,emecii,1
729,emilyyujieli,1
730,entrpn,1
731,eugenebnd,1
732,evan9637,1
733,eyalcha,1
734,fabianhoerst,1
735,fabito,1
736,fafa92,1
737,fakeskimo,1
738,fazer1929,1
739,felixgruener,1
740,femtonelson,1
741,fensterwetter,1
742,fesh1,1
743,fishjoey,1
744,ftnext,1
745,fulldataalchemist,1
746,fvegini,1
747,gauravvanawat,1
748,gdupret,1
749,giuliamassimetti,1
750,goswamig,1
751,gptbert,1
752,groovyhoon,1
753,gsoec,1
754,guimou,1
755,guntiseiduks,1
756,guohaoyu110,1
757,gveltri,1
758,hakimliang,1
759,halegreen,1
760,halilagin,1
761,halokim,1
762,haowangdl,1
763,harshad16,1
764,hasnainkothawala,1
765,hebestreit,1
766,heilerich,1
767,helinwang,1
768,helloxjade,1
769,hfarooqui,1
770,hhstu,1
771,hienqnguyen,1
772,himanshu238,1
773,hkair,1
774,hoangtan96dl,1
775,honghan-wong,1
776,hrsma2i,1
777,hsayniaj79,1
778,hydeta,1
779,ianmaddox,1
780,ibnummuhammad,1
781,igikorea-kajoong-yoon,1
782,imantha-a,1
783,inesbam,1
784,inspurasc,1
785,interaze,1
786,itsymbol,1
787,jamesdhope,1
788,jarulsamy,1
789,jasonbrancazio,1
790,jasonchen86899,1
791,jatin-jangir-0220,1
792,javyxu,1
793,jeffspahr,1
794,jeffwan,1
795,jeremyeder,1
796,jerrygb,1
797,jhisse,1
798,jianwu-github,1
799,jingchu000,1
800,jingli0118,1
801,jin-xc-wx,1
802,jirapast,1
803,jkl0898,1
804,jmmanso,1
805,joeatlas007,1
806,joinalahmed,1
807,jonashartwig,1
808,jonastischer,1
809,jonathan-bendov,1
810,jonchangit,1
811,joneepenk,1
812,josepsampe,1
813,jsondai,1
814,julian-mata,1
815,jyothipyxis,1
816,kaamlas,1
817,kai910120,1
818,kamalesh0406,1
819,karimhenry,1
820,kavita1205,1
821,kdrivas,1
822,keerthiga-venkatesh,1
823,keithpij,1
824,kellibelcher,1
825,k-e-r-n-e-l-p-a-n-i-c,1
826,kevinbnaughton,1
827,k-gupta,1
828,kingoo123,1
829,kion-thomasmay,1
830,kkumar137,1
831,knjk04,1
832,kobiche,1
833,konsloiz,1
834,koosungmo,1
835,ksheerasagar17,1
836,kujyp,1
837,kunwuluan,1
838,laurence-hudson-mindfoundry,1
839,learning-automation,1
840,leesangjun,1
841,leoho0722,1
842,leoliang1988,1
843,leonardaukea,1
844,lfloeer,1
845,lianglongrob,1
846,liangzhupic,1
847,liubing0427,1
848,liuqi,1
849,liurong79,1
850,lkaybob,1
851,llsmile,1
852,longyee,1
853,lostangel556,1
854,lothiraldan,1
855,loveqsyang,1
856,lrodriguezesc,1
857,ltdo111,1
858,lucasvbalves,1
859,luckyops,1
860,lvxian-kjl,1
861,ma08,1
862,madaditya,1
863,maerory,1
864,marciojv,1
865,mareksimunek,1
866,markellos-orfanos,1
867,matt314,1
868,mattiasliljenzin,1
869,maxblanck,1
870,maxl94,1
871,maxspanning,1
872,mayurji,1
873,mbellphd,1
874,mbkraus,1
875,mclacore,1
876,mellis-github,1
877,mereldawu,1
878,metafeather,1
879,metal-joker,1
880,michael-eip,1
881,michael-f-cognyte,1
882,miguelalba96,1
883,minhmanpham,1
884,mirhossain,1
885,mistadrumma,1
886,mjurkus,1
887,mkbahk,1
888,mobin102,1
889,mofanke,1
890,mohammedalsinan,1
891,monikaven,1
892,morningcloud,1
893,mostafabayat,1
894,mrueg,1
895,msmendoza,1
896,mtasende,1
897,mvilrokx,1
898,myadavin,1
899,nadamakram,1
900,nakfour,1
901,namespace-io,1
902,nameyc99,1
903,nathanweeks,1
904,naveentnj,1
905,nebula0248,1
906,neggert,1
907,nehal3731,1
908,nick4fake,1
909,nielsmeima,1
910,nikhil-das-katonic,1
911,nikitosl,1
912,nikmatha,1
913,niko32,1
914,nikola-rahman,1
915,nirajkl,1
916,nishikoh,1
917,nkwangleigit,1
918,noelo,1
919,n-stout,1
920,odovad,1
921,okhs0712,1
922,okonmarcin,1
923,onegit20,1
924,ovod88,1
925,owlet42,1
926,ozen,1
927,padarn,1
928,padrian2s,1
929,palmerss,1
930,pandapool,1
931,panpan0000,1
932,paulcrowley,1
933,paulinapacyna,1
934,pdebskiibm,1
935,pennyq,1
936,peterbarty,1
937,petethegreat,1
938,petrpechman,1
939,phred-unity,1
940,pigbrain,1
941,pikadef,1
942,pjh4993,1
943,pleaseupgradegrpcio,1
944,postera-james,1
945,pourianikvand,1
946,prasannakumar-coupa,1
947,pre,1
948,proluoo,1
949,prutkin,1
950,psheorangithub,1
951,psmoros,1
952,qijia2045579,1
953,qingqiuhe,1
954,qinjielin-nu,1
955,rafalpotempa,1
956,rahu984,1
957,rahuja23,1
958,rajveer43,1
959,rakshithpai2108,1
960,ranajoy-dutta,1
961,rauerhans,1
962,rayuron,1
963,rexche,1
964,rfbigelow,1
965,rhatol,1
966,ricardo-rolo,1
967,richardsliu,1
968,robbiedow,1
969,robertofierimonte,1
970,robertschweizer,1
971,robotaref,1
972,rolweber,1
973,rosawant,1
974,royosaki,1
975,rubenszimbres,1
976,ruckc,1
977,rudrakshkarpe,1
978,rustam-almukhametov,1
979,rustam-ashurov-mcx,1
980,rustamyf,1
981,rwathena,1
982,ryanrusson,1
983,sabarnwal,1
984,sadakeita,1
985,salkimmich,1
986,samcaetano,1
987,sarasaffari,1
988,sassyn,1
989,satata-clgx,1
990,saturnoul,1
991,satyajitghana,1
992,saurabh1043,1
993,saurav-d,1
994,sayed-imran,1
995,sendnoodls,1
996,sergeykanzhelev,1
997,sergeykuprikov,1
998,sethgustafson,1
999,shadowdsp,1
1000,shaheer4636,1
1001,sharat-innodatatics,1
1002,shengkaixuan,1
1003,shilpasethi,1
1004,shiveshabhishek,1
1005,shiyu15,1
1006,sidnaik1975,1
1007,simanadler,1
1008,simonjcarr,1
1009,sivanantha321,1
1010,skogsbrus,1
1011,skvishy27,1
1012,smijar,1
1013,sneharth37,1
1014,sstaley-hioscar,1
1015,stefanondisponibile,1
1016,stepanhruda,1
1017,steve-ahlswede,1
1018,stevei101,1
1019,stevezkw1998,1
1020,stobias123,1
1021,supreethvh,1
1022,surajnayak88,1
1023,sweb,1
1024,taenzeyang,1
1025,talaman,1
1026,talha-naeem1,1
1027,tam0201,1
1028,tarekabouzeid,1
1029,techjournalist,1
1030,techwithshadab,1
1031,tfontana1,1
1032,therochvoices,1
1033,thetravellingsalesman,1
1034,thkim0022,1
1035,tiru1930,1
1036,titoeb,1
1037,tktest1234,1
1038,traino82,1
1039,tranthanh96,1
1040,tsukky67,1
1041,tu-infra-tests,1
1042,tuliodesouza,1
1043,tunahanertekin,1
1044,turankeles,1
1045,udbe,1
1046,uzmargomez,1
1047,vaishnavihire,1
1048,vancromy,1
1049,vanhavel,1
1050,vecorro,1
1051,vietanhdev,1
1052,viethung1234q,1
1053,vigram93,1
1054,viktorsobol,1
1055,vitaly-om,1
1056,vivekkum94,1
1057,vvnpan,1
1058,waqarmir121,1
1059,wilfred-s,1
1060,willfox,1
1061,win845,1
1062,wjunicorn,1
1063,woof,1
1064,woop,1
1065,wtermini,1
1066,wufly,1
1067,wujie1993,1
1068,wystanw,1
1069,xcloudfance,1
1070,xemnas0,1
1071,xinge-1,1
1072,xingyuan-chen,1
1073,x-siro,1
1074,xsqian,1
1075,xubofei1983,1
1076,xushaoxiao,1
1077,yangoos57,1
1078,yangyu2013,1
1079,yaobaiwei,1
1080,yasodhap-springml,1
1081,yecohn,1
1082,yekxp,1
1083,yenkz,1
1084,ykacer,1
1085,yonaroze,1
1086,yooki0328,1
1087,young-957,1
1088,yshalabi,1
1089,yshimizu37,1
1090,yueno06,1
1091,yuna878,1
1092,yuvraj2300,1
1093,yvlasov-pcln,1
1094,yzc1114,1
1095,zamonia500,1
1096,zhenlohuang,1
1097,zhuwq0,1
1098,zibuyule,1
1099,znd4,1
1100,zpchris,1
1101,zsaladin,1

