"Rank","name","value"
1,tenzen-y,1039
2,juliusvonkohout,651
3,connor-mccarthy,557
4,kimwnasptd,527
5,johnugeorge,454
6,thesuperzapper,387
7,chensun,379
8,zijianjoy,331
9,tomcli,330
10,andreyvelich,288
11,jlyaoyuli,269
12,gkcalat,238
13,alculquicondor,217
14,linchin,210
15,jbottum,160
16,annajung,146
17,terrytangyuan,102
18,dnplas,99
19,yhwang,94
20,tobiasgoerke,55
21,orfeas-k,54
22,surajkota,54
23,james-jwu,53
24,syulin7,53
25,kuizhiqing,50
26,droctothorpe,43
27,apo-ger,40
28,domfleischmann,38
29,difince,37
30,axel7083,35
31,akgraner,34
32,cheyang,32
33,vikas-saxena02,32
34,alexandrebrown,29
35,lowang-bh,28
36,elikatsis,27
37,gaocegege,26
38,davidnet,25
39,ryansteakley,25
40,diegolovison,21
41,kromanow94,21
42,matthewralston,21
43,jocstaa,20
44,lehrig,20
45,votti,20
46,deepanker13,19
47,hegaoyuan,19
48,nagar-ajay,19
49,syntax3rror404,19
50,deepk2u,18
51,elenzio9,18
52,hongbo-miao,18
53,jsitu777,18
54,mchowdhury-91,18
55,scrapcodes,17
56,zw0610,17
57,mimowo,16
58,sheevy,16
59,agilgur5,15
60,amitmukati-2604,15
61,ironpan,15
62,ketangangal,15
63,tasos-ale,15
64,boarder7395,14
65,davidspek,14
66,reggiecarey,14
67,tzstoyanov,14
68,juneezee,13
69,sergeyshevch,13
70,kimkihoon0515,12
71,ssheng,12
72,subasathees,12
73,yadavvij,12
74,amrobbins,11
75,ananth102,11
76,khituras,11
77,rpemsel,11
78,yingding,11
79,adilhusain-s,10
80,midhun1998,10
81,robertzsun-dev,10
82,stefanofioravanzo,10
83,tomaszstachera,10
84,vsoch,10
85,yurkoff-mv,10
86,andreeamun,9
87,b4sus,9
88,denkensk,9
89,tarat44,9
90,thomaswelly,9
91,xhejtman,9
92,anencore94,8
93,eero-t,8
94,rolfedh,8
95,tristangreathouse,8
96,yowenter,8
97,yubozhao,8
98,3-shi,7
99,crazybean-lwb,7
100,d-gol,7
101,discordianfish,7
102,kevin85421,7
103,koalalorenzo,7
104,mosabami,7
105,nightlighttw,7
106,pedrovgp,7
107,pranavpandit1,7
108,sergespinoza,7
109,talador12,7
110,theadactyl,7
111,wjhhuizi,7
112,arhell,6
113,aymenfja,6
114,cchanley2003,6
115,clayrisser,6
116,eavelardev,6
117,humairak,6
118,imiller445,6
119,kbthu,6
120,liaosirui,6
121,manang,6
122,micmarty-deepsense,6
123,n214,6
124,rawc0der,6
125,rvadim,6
126,tclelford,6
127,tsuiot,6
128,wadhah101,6
129,xragnorokx,6
130,yuzisun,6
131,zengqingfu1442,6
132,a9p,5
133,abaland,5
134,aditya-171,5
135,andre-lx,5
136,arangogutierrez,5
137,cosyoranges,5
138,czycw,5
139,dashanji,5
140,gpotti,5
141,harperjuanl,5
142,hugzee3,5
143,junggil,5
144,mai-nakagawa,5
145,mameshini,5
146,martinforreal,5
147,mohamedfaris47,5
148,mwielgus,5
149,nairbv,5
150,ntang86,5
151,ohtaro,5
152,paravatha,5
153,pythonking6,5
154,rakeshraj97,5
155,ransselected,5
156,rimolive,5
157,sachdevayash1910,5
158,stijntratsaertit,5
159,trevorm15,5
160,waltersmuts,5
161,482170765,4
162,abin-thomas-by,4
163,adityaparamesh,4
164,ahg-g,4
165,alanfokco,4
166,alekseyolg,4
167,andreafehrman,4
168,asahnovskiy-deloitte,4
169,brannondorsey,4
170,browningjp-datatonic,4
171,dharmitd,4
172,gfxkai,4
173,huang-wei,4
174,iuiu34,4
175,jakesummers,4
176,jovan-absci,4
177,js-ts,4
178,juanmabm,4
179,kkolli,4
180,km612,4
181,lavlas,4
182,lokesh-sreedhara,4
183,lorenzocolombi,4
184,maxgrtz,4
185,millerhooks,4
186,mishraprafful,4
187,mithil467,4
188,nkflash,4
189,omrilevytau,4
190,parthmishra,4
191,pbalm,4
192,princy-malhotra,4
193,robpblake,4
194,rscottwatson,4
195,rstar1998,4
196,saintnoah,4
197,shalberd,4
198,sim4n6,4
199,skuchipu,4
200,srikarjavvaji,4
201,tarrade,4
202,tongtaott,4
203,vinayan3,4
204,v-raja,4
205,wooleybugger,4
206,xiabo2011,4
207,yanqiangmiffy,4
208,yetone,4
209,afritzler,3
210,ajaypbrt,3
211,anifort,3
212,athamark,3
213,axsaucedo,3
214,benash,3
215,brsolomon-deloitte,3
216,ca-scribner,3
217,charlesa101,3
218,chaselyall,3
219,chirag0002,3
220,cnsgsz,3
221,cristianteknoir,3
222,d0m3n1cc,3
223,danielschulz,3
224,djmcgreal-cc,3
225,doctapp,3
226,erictanjn,3
227,farshadghodsian,3
228,fstetic,3
229,ghaering,3
230,gioargyr,3
231,gomrinal,3
232,gregsheremeta,3
233,hmc-cs-mdrissi,3
234,ianonavy,3
235,japan4415,3
236,jason-cky,3
237,jeet-14,3
238,jiangsanyin,3
239,juansebashr,3
240,kabartay,3
241,kannon92,3
242,kidddddddddddddddddddddd,3
243,korjwl1,3
244,laynepeng,3
245,lianghao208,3
246,lliranbabi,3
247,lresende,3
248,maxencedraguet,3
249,mayankagarwal19911,3
250,mayuraggarwal1992,3
251,mcrisafu,3
252,missingcharacter,3
253,mpaulgreen,3
254,muhammadyaseen,3
255,nikenano,3
256,nithin8702,3
257,nkosteski,3
258,nohaihab,3
259,opalelement,3
260,papagala,3
261,pingyufeng,3
262,prajesh7,3
263,revolutionisme,3
264,rogeryuchao,3
265,rustamgimadiev,3
266,sarrourajerbi,3
267,shivaga9esh,3
268,tbaggu,3
269,tkatila,3
270,typeness,3
271,utsumi-fj,3
272,vgarba2,3
273,vincentdu2021,3
274,wlargou,3
275,zhixian82,3
276,453875726,2
277,631068264,2
278,aavbsouza,2
279,ajinkya933,2
280,akravacyber,2
281,albertcintas,2
282,aldazero,2
283,alexdashkov,2
284,alexlatchford,2
285,alirezasadeghi,2
286,alvarodemig,2
287,aman123lug,2
288,amirhessam88,2
289,andyi2it,2
290,anyingl,2
291,ark-kun,2
292,av98-alphonse,2
293,bartlomiej-malecki,2
294,bibekyess,2
295,bobo-zzb,2
296,byronhsu,2
297,chalin,2
298,chanansh,2
299,c-jaewon,2
300,cjidboon94,2
301,ckmeichs,2
302,cliveseldon,2
303,colmbhandal,2
304,cristifalcas,2
305,dandawg,2
306,davidxia,2
307,defoishugo,2
308,displague,2
309,divyank000,2
310,don12138,2
311,dravigon,2
312,dtzar,2
313,elibixby,2
314,elim19,2
315,em-le-ts,2
316,enochlove,2
317,ericbentoml,2
318,fg91,2
319,geier,2
320,gniewus,2
321,h6mx,2
322,helloericsf,2
323,hjerpe,2
324,itayvallach,2
325,jagane-infinstor,2
326,jinisaweaklearner,2
327,jlewi,2
328,juangon,2
329,juanpablosebey,2
330,julioo,2
331,kakaxilyp,2
332,karanveersingh5623,2
333,karmicdude,2
334,kdubovikov,2
335,komalkotha,2
336,koseoyoung,2
337,kuldeepjain,2
338,lejboelle,2
339,lfrancke,2
340,lordwaif,2
341,luci1306,2
342,maganaluis,2
343,magdalenakuhn,2
344,masoudjalayer90,2
345,mayank12022,2
346,mgsousa,2
347,mhamdan91,2
348,miraichino,2
349,moey920,2
350,moorthy156,2
351,mshaikh786,2
352,mvoitko,2
353,mynewestgitaccount,2
354,mysterious-progression,2
355,nelson2000,2
356,nick0323,2
357,o0fatigue,2
358,obeyda,2
359,oguzhanoyan,2
360,oldthreefeng,2
361,pashtet04,2
362,pgpx,2
363,pmuilu,2
364,pragadeeshraju,2
365,pratyusharavi,2
366,punkerpunker,2
367,q443048756,2
368,rajan123456,2
369,rd-pong,2
370,robbellmf,2
371,robbesneyders,2
372,sachinvarghese,2
373,saintyun,2
374,samzong,2
375,schrodervictor,2
376,seanswyi,2
377,sebastianohl,2
378,sebastianscherer88,2
379,senarvi,2
380,shan100github,2
381,sharathmk99,2
382,shivaylamba,2
383,snps-sagarrao,2
384,sobolvitya,2
385,sofsms,2
386,souheil-yazji,2
387,srinandan,2
388,starpit,2
389,statmike,2
390,streamnsight,2
391,talhanaeem101,2
392,themichaelhu,2
393,tiansiyuan,2
394,umka1332,2
395,vara-bonthu,2
396,viktorwelbers,2
397,vkatrychenko,2
398,vulong3896,2
399,wang-mask,2
400,wshelley,2
401,wzamazon,2
402,xiaoxubeii,2
403,yanniszark,2
404,yanwu2014,2
405,zanelliriccardo,2
406,zeldebro,2
407,zrss,2
408,zzmao,2
409,zzunny97,2
410,360digitmg-training,1
411,64j0,1
412,aaron-arellano,1
413,abdulari,1
414,abeltre1,1
415,abhijithremesh,1
416,abinthomasonline,1
417,abln-synth,1
418,adobemomo,1
419,adriangonz,1
420,afk42,1
421,ahmed1alqulayti,1
422,aiden010200,1
423,aii-shanker-jj,1
424,ajithkumar6,1
425,akartsky,1
426,akinwilson,1
427,al4din,1
428,aleem2,1
429,alembiewski,1
430,alexec,1
431,amadhusu,1
432,amishakumari544,1
433,amybachir,1
434,and-1,1
435,andrejlukic,1
436,anirban-ray-publicis-sapient,1
437,anisnasir,1
438,annabechang,1
439,anuvedantham,1
440,apoorvasuresh-audi,1
441,arlofaria,1
442,arturnn,1
443,arun-vc,1
444,aseriesofnumbers,1
445,ashujain2,1
446,asiricml,1
447,atemate,1
448,avdaredevil,1
449,awittzb,1
450,bbrewington,1
451,bdevcich-hpe,1
452,beliaev-maksim,1
453,ben-omji,1
454,bmopuri,1
455,bohdanbilonoh,1
456,bretttully,1
457,briney,1
458,browningjp,1
459,bsikander,1
460,caffeinism,1
461,cakeislife100,1
462,candoom,1
463,capkurmagati,1
464,caren-guo,1
465,celiawa,1
466,chanyilin,1
467,charlesmelby,1
468,charlieyang1557,1
469,chboudry,1
470,cheateradams,1
471,chitravsnair,1
472,chrisjune,1
473,chriswu99aaa,1
474,chromatices,1
475,cliu-nuro,1
476,clownchrys,1
477,c-nit,1
478,congpeiqing,1
479,corea,1
480,cvenets,1
481,cymarechal-devoteam,1
482,danmcinerney,1
483,danvaida,1
484,dariustanzku,1
485,dark1141,1
486,davidleejy,1
487,david-thrower,1
488,deepanker-gupta,1
489,deepflame-jr,1
490,dennisrutjes,1
491,diankasileymane,1
492,djmcgreal,1
493,dmitrycape,1
494,dmytro212,1
495,dominickcjh,1
496,dongzaimatou,1
497,dreamingraven,1
498,dslove,1
499,dvaldivia,1
500,e-compagno,1
501,edmorrell,1
502,edwardzjl,1
503,ee07dazn,1
504,eggiter,1
505,emilyyujieli,1
506,emmanuel-ferdman,1
507,entrpn,1
508,eslerm,1
509,eugenebnd,1
510,eyalcha,1
511,fabito,1
512,fbpo23,1
513,fclesio,1
514,fesh1,1
515,fighterhit,1
516,fischor,1
517,fulldataalchemist,1
518,gabrielgcbs,1
519,gautamkongi,1
520,gptbert,1
521,grapefruitl,1
522,groovyhoon,1
523,gsoec,1
524,guimou,1
525,guohaoyu110,1
526,gveltri,1
527,gxin0426,1
528,halilagin,1
529,haowangdl,1
530,haoxins,1
531,happy2048,1
532,harish422,1
533,harshad16,1
534,hbelmiro,1
535,hebestreit,1
536,hfarooqui,1
537,hhk7734,1
538,hhstu,1
539,hienqnguyen,1
540,hilcj,1
541,himanshu238,1
542,hoangtan96dl,1
543,holdenk,1
544,hrsma2i,1
545,hsayniaj79,1
546,hsteude,1
547,hunhoon21,1
548,hwang9u,1
549,ibnummuhammad,1
550,ifuwang,1
551,imantha-a,1
552,infa-ddeore,1
553,inspurasc,1
554,interaze,1
555,isuyyy,1
556,jaemunbro,1
557,jasiecky,1
558,jason9319,1
559,jasonchen86899,1
560,jatin-jangir-0220,1
561,javyxu,1
562,jayaprasadt,1
563,jeffspahr,1
564,jeffwan,1
565,jeremyeder,1
566,jerrygb,1
567,jhisse,1
568,jingchu000,1
569,jin-xc-wx,1
570,jkl0898,1
571,jli,1
572,johnhoman,1
573,jonastischer,1
574,jonchangit,1
575,joysn71,1
576,juandavi1,1
577,juhyeon-cha,1
578,justin0322,1
579,jyothipyxis,1
580,kaamlas,1
581,kamalesh0406,1
582,kaulitzguimaraes,1
583,kavita1205,1
584,kdrivas,1
585,keithmattix,1
586,ketian-indeed,1
587,kevinbnaughton,1
588,kevingrantlee,1
589,keypointt,1
590,kion-thomasmay,1
591,kobiche,1
592,konsloiz,1
593,ksheerasagar17,1
594,kujyp,1
595,kunwuluan,1
596,kylebeni,1
597,laurence-hudson-mindfoundry,1
598,laurenzreitsam,1
599,learning-automation,1
600,leesangjun,1
601,leonardaukea,1
602,lfloeer,1
603,liangzhupic,1
604,liu431,1
605,liubing0427,1
606,liuqi,1
607,liurong79,1
608,lixianfa,1
609,longyee,1
610,lothiraldan,1
611,loveqsyang,1
612,lrodriguezesc,1
613,luckyops,1
614,lufisaal,1
615,luigicerone,1
616,madaditya,1
617,maerory,1
618,mainro,1
619,marcmillien,1
620,markellos-orfanos,1
621,marlonmboti,1
622,matt314,1
623,maxl94,1
624,maxspanning,1
625,mayurji,1
626,mbellphd,1
627,mbkraus,1
628,mereldawu,1
629,metafeather,1
630,mgiessing,1
631,michael-eip,1
632,miguelalba96,1
633,mikeedjones,1
634,minhmanpham,1
635,mirhossain,1
636,mj-amway,1
637,mjurkus,1
638,mkbahk,1
639,mlawrence95,1
640,mobin102,1
641,mofanke,1
642,morningcloud,1
643,mostafabayat,1
644,mousam-singh,1
645,mrueg,1
646,msmendoza,1
647,mtasende,1
648,muhammadusman90,1
649,muhammadzeeshan34,1
650,mustafahar,1
651,mvilrokx,1
652,myadavin,1
653,nadamakram,1
654,naegionn,1
655,namespace-io,1
656,nameyc99,1
657,nebula0248,1
658,neggert,1
659,nehal3731,1
660,nexemjail,1
661,nick4fake,1
662,nielsmeima,1
663,nikitosl,1
664,nikola-rahman,1
665,nirajkl,1
666,nkwangleigit,1
667,noelo,1
668,ntl-ibm,1
669,nturner-maritz,1
670,odovad,1
671,omrishiv,1
672,onegit20,1
673,ozen,1
674,padarn,1
675,padrian2s,1
676,panpan0000,1
677,paulinapacyna,1
678,peterbarty,1
679,peterchg,1
680,petrpechman,1
681,pffijt,1
682,philop1309,1
683,phred-unity,1
684,pikadef,1
685,pingsutw,1
686,pnacht,1
687,postera-james,1
688,pourianikvand,1
689,prasannakumar-coupa,1
690,pre,1
691,pringled,1
692,proluoo,1
693,psc-dlt,1
694,rafalpotempa,1
695,rahu984,1
696,rakshithpai2108,1
697,ralfluebben,1
698,ranajoy-dutta,1
699,ran-haim,1
700,rauerhans,1
701,rexche,1
702,rhatol,1
703,rmoesbergen,1
704,robertofierimonte,1
705,robin7831,1
706,rodrigocaus,1
707,rohannair11,1
708,rolweber,1
709,royosaki,1
710,ruckc,1
711,rudrakshkarpe,1
712,rustam-ashurov-mcx,1
713,rustamyf,1
714,rwathena,1
715,ryanjung-jm,1
716,ryanrusson,1
717,sabarnwal,1
718,saigirishgilly98,1
719,salilmishra23,1
720,samirps,1
721,samoturk,1
722,sarasaffari,1
723,saschaheyer,1
724,satata-clgx,1
725,satyajitghana,1
726,saurabh1043,1
727,sbdtu5498,1
728,sendnoodls,1
729,sergiodiaz53-dedalus,1
730,shaheer4636,1
731,shannonbradshaw,1
732,sharat-innodatatics,1
733,shengkaixuan,1
734,shengy90,1
735,shipengcheng1230,1
736,shiveshabhishek,1
737,shiyu15,1
738,simanadler,1
739,simonjcarr,1
740,sivanantha321,1
741,skogsbrus,1
742,skvishy27,1
743,snirkop89,1
744,sradc,1
745,sstaley-hioscar,1
746,stepanhruda,1
747,steve-ahlswede,1
748,stevezkw1998,1
749,strangiato,1
750,sundragon1993,1
751,suned,1
752,surajnayak88,1
753,sxwl-donggang,1
754,szymek116,1
755,talaman,1
756,talcoh2x,1
757,tam0201,1
758,tama-biro,1
759,tanken,1
760,tarekabouzeid,1
761,tautrimas,1
762,techjournalist,1
763,techwithshadab,1
764,thetravellingsalesman,1
765,tiru1930,1
766,titoeb,1
767,tktest1234,1
768,tleewongjaro-agoda,1
769,tonykim-moloco,1
770,tonywang-sh,1
771,tonyzzhang,1
772,traino82,1
773,tuliodesouza,1
774,tunahanertekin,1
775,tuukkasarvi,1
776,udbe,1
777,uzmargomez,1
778,vaishnavihire,1
779,vamshikrishna9505,1
780,vamshikrishna9999,1
781,vancromy,1
782,venkyvajrala,1
783,vietanhdev,1
784,viethung1234q,1
785,vikashg,1
786,vinayk34,1
787,vinithkrishnan,1
788,vit-,1
789,vitobotta,1
790,vivekjainmaiet,1
791,vvnpan,1
792,wajeehulhassanvii,1
793,wangaooa,1
794,wangsy503,1
795,wangzheyuan,1
796,wenhan-tan,1
797,wilfred-s,1
798,willfox,1
799,williaiam,1
800,woof,1
801,woop,1
802,xcloudfance,1
803,xemnas0,1
804,xiaoaier-z-l,1
805,xingyuan-chen,1
806,x-siro,1
807,xsqian,1
808,xubofei1983,1
809,yangoos57,1
810,yasodhap-springml,1
811,yekxp,1
812,yenkz,1
813,yonaroze,1
814,yooki0328,1
815,young-957,1
816,yueno06,1
817,yuvraj2300,1
818,zamonia500,1
819,zhuwq0,1
820,zpchris,1

